[{"id":"7814d4a7-c7fd-4ed5-bde0-aec12330b00f","name":"Brandais","email":"badney6@nifty.com","phone":"234-301-6985","bookmarked":true},{"id":"05e59a4d-e20d-4584-8b04-4fa1e6313929","name":"Janeta","email":"jgridon7@blogger.com","phone":"301-145-9961","bookmarked":false},{"id":"1cd0ee7a-7d67-4372-9a2c-40233f0c03b4","name":"Tabina","email":"tmary8@hostgator.com","phone":"520-328-0153","bookmarked":false},{"id":"2efc0a6f-8fc8-468f-af69-497d030e0e7d","name":"Adriena","email":"abonham9@uol.com.br","phone":"334-419-2971","bookmarked":true},{"id":"f96d035c-75fd-4991-af51-9593d5144bc4","name":"Rafa","email":"rtissimana@blogger.com","phone":"456-564-6720","bookmarked":false},{"id":"66749a97-fa30-418d-95ee-16b135918996","name":"Haskell","email":"hfurslandb@springer.com","phone":"128-909-1420","bookmarked":false},{"id":"fa533cd0-a3ee-44f2-bf2c-447b74d8cc5a","name":"Tom","email":"tameyc@army.mil","phone":"982-821-2532","bookmarked":false},{"id":"a1f9f8ad-2195-4ac9-9f8f-d04c5e049318","name":"Ame","email":"amusterdd@bbb.org","phone":"773-405-3094","bookmarked":false},{"id":"4689fcf5-2e92-4346-b01e-c1f83044a9a7","name":"Gale","email":"gclelle@elegantthemes.com","phone":"362-513-5484","bookmarked":false},{"id":"7ebdf9c5-c200-4e37-b2cc-bf8756ce9d41","name":"Waylon","email":"wsutorf@bluehost.com","phone":"677-912-8507","bookmarked":false},{"id":"60b7bb74-49d6-4b2b-905e-025223b9672a","name":"Vergil","email":"vsheardsg@bigcartel.com","phone":"684-304-2005","bookmarked":false},{"id":"672ac390-1e17-4ec0-a579-95ef6b8f0d63","name":"Cherise","email":"cdanieluth@bluehost.com","phone":"681-719-4870","bookmarked":false},{"id":"9ac6e0c0-05fb-4036-9391-279f28eccb18","name":"Shina","email":"snaldretti@samsung.com","phone":"451-827-6702","bookmarked":false},{"id":"21f316ec-fa5b-46c2-b5b0-dd9933297628","name":"Waldo","email":"wpfefflej@wikispaces.com","phone":"545-689-2779","bookmarked":true},{"id":"e62b69b4-0c9b-4b07-872c-b0fb06cc5633","name":"Hervey","email":"hblankauk@patch.com","phone":"774-283-6801","bookmarked":false},{"id":"eebd8729-10e0-463b-9d1e-138f82fa8c94","name":"Anabelle","email":"apottelll@netvibes.com","phone":"411-458-0786","bookmarked":false},{"id":"de473e4c-26a0-40ab-af50-77cd27913a5b","name":"Joletta","email":"jhamlettm@stumbleupon.com","phone":"629-252-1778","bookmarked":false},{"id":"48386dfb-6839-4779-ad49-539605051fdc","name":"Brant","email":"bwebbn@blinklist.com","phone":"536-434-1759","bookmarked":true},{"id":"9c5204bd-c25d-47d9-8c82-a65036b6eb44","name":"Eddy","email":"ewaldingo@time.com","phone":"925-431-1726","bookmarked":false},{"id":"5a4ce07c-f2b6-4cf3-a70f-4bf7b258e799","name":"Harland","email":"hdavenportp@cocolog-nifty.com","phone":"618-839-3607","bookmarked":false},{"id":"c05e3dfb-43cb-4875-8f2b-971e8801ec0d","name":"Eleonora","email":"ecroizierq@cdc.gov","phone":"413-658-0794","bookmarked":false},{"id":"c543755d-e8c9-4d40-a7a0-e0c300b528bb","name":"Constantina","email":"cpentinr@webs.com","phone":"635-633-4352","bookmarked":false},{"id":"da16ec00-522a-4a2b-b9a8-aa5405114693","name":"Dagmar","email":"dwhipples@51.la","phone":"517-675-4202","bookmarked":false},{"id":"0feda07d-60dd-4c7e-a1d1-4aff313ef4fc","name":"Sigismondo","email":"sabbayt@youtube.com","phone":"364-886-1500","bookmarked":false},{"id":"f0c452e1-6665-4869-a53e-fe54fc3175df","name":"Flemming","email":"fruffeyu@samsung.com","phone":"219-613-4387","bookmarked":false},{"id":"51f0aca5-e35f-47fc-97b1-e175521bafb7","name":"Abbie","email":"amapotherv@dot.gov","phone":"209-607-2412","bookmarked":false},{"id":"8a1117b5-47d2-4681-9f84-a59dd4633b8b","name":"Fern","email":"fwynettw@auda.org.au","phone":"151-633-9182","bookmarked":false},{"id":"827d957a-7254-40c3-98e3-8b7d081dd47b","name":"Murdoch","email":"mlutschx@alexa.com","phone":"896-640-8539","bookmarked":false},{"id":"760e2582-bca7-4026-9e34-c5fc4e0e9d74","name":"Duffy","email":"dgethiny@cmu.edu","phone":"362-410-5506","bookmarked":false},{"id":"e4b003d7-a170-4b47-9ada-fb6c384d93d4","name":"Ramon","email":"rmenziesz@vk.com","phone":"684-881-0544","bookmarked":false},{"id":"d9595afe-89c2-4e96-984c-391e0577e960","name":"Andreas","email":"ahirthe10@shareasale.com","phone":"406-414-2769","bookmarked":false},{"id":"75fb8cc4-04c9-45ab-bb87-8aff9d5f2bb7","name":"Emili","email":"esollitt11@youtube.com","phone":"208-268-1555","bookmarked":false},{"id":"258662d3-9aa0-45db-bb9c-c52182924a88","name":"Kaye","email":"kevreux12@alexa.com","phone":"427-761-2776","bookmarked":false},{"id":"1d0531ae-6dc8-49e9-b63f-fd012602e239","name":"Carilyn","email":"cgitsham13@mit.edu","phone":"607-409-4613","bookmarked":false},{"id":"73ae612e-0820-4013-8653-dd02e7a862e7","name":"Bill","email":"bleaman14@marketwatch.com","phone":"108-636-3135","bookmarked":false},{"id":"0564c13e-8248-418b-8fe1-3afa87439f16","name":"Maddie","email":"mbossom15@icio.us","phone":"562-265-6593","bookmarked":false},{"id":"f21a1ae9-3632-48d3-95a5-141a2adbd9ed","name":"Jude","email":"jmuro16@umn.edu","phone":"412-366-6704","bookmarked":false},{"id":"2ae8acdd-62fb-451f-b292-f143b89eb51b","name":"Papagena","email":"pdenidge17@diigo.com","phone":"313-735-8015","bookmarked":false},{"id":"8a539b1e-6a74-4eee-90b1-d229c276fc4c","name":"Hasty","email":"hnutter18@paginegialle.it","phone":"626-845-4803","bookmarked":false},{"id":"6c00f990-3c76-4fc3-8fb5-8bc9d7e4da98","name":"Koo","email":"kodreain19@bloomberg.com","phone":"981-893-0539","bookmarked":true},{"id":"18e1b2b0-d94d-4cce-a40d-91d4579230bf","name":"Jonah","email":"jhorley1a@cyberchimps.com","phone":"289-551-6395","bookmarked":true},{"id":"624e15f7-95ef-4fc8-9bdf-3d2e18863f1d","name":"Shirl","email":"srahlof1b@craigslist.org","phone":"629-768-1666","bookmarked":false},{"id":"4e7afc29-c914-4ad2-b31a-20bbe450a421","name":"Jodi","email":"jmuehle1c@posterous.com","phone":"218-152-9228","bookmarked":true},{"id":"06ee1a40-d018-45c5-8e8f-305b3cd51d46","name":"Guglielma","email":"gsally1d@businessweek.com","phone":"416-187-4488","bookmarked":false},{"id":"0687cdee-4ba4-4909-b89e-82811f92bf74","name":"Morey","email":"mmaclaine1e@cbc.ca","phone":"857-282-2313","bookmarked":false},{"id":"062490b8-a097-4ee5-8518-5f6cef17a6ee","name":"Izzy","email":"itwigge1f@pagesperso-orange.fr","phone":"324-215-3274","bookmarked":true},{"id":"dc908520-a3dd-4037-a633-66decdf7e502","name":"Harlie","email":"hloan1g@storify.com","phone":"367-322-8933","bookmarked":true},{"id":"5a8d5084-5f27-44bb-a6c5-bff9ffc5ac3d","name":"Inger","email":"igerckens1h@jalbum.net","phone":"815-344-4552","bookmarked":false},{"id":"cf101df5-9353-4155-a5c1-4171ba109587","name":"Constancia","email":"ccoundley1i@vkontakte.ru","phone":"418-183-3004","bookmarked":true},{"id":"03a5722e-9dc2-4add-b6da-40e46f89952f","name":"Bartel","email":"bwhilde1j@yale.edu","phone":"292-246-9670","bookmarked":true},{"id":"8ccb9245-65f3-483c-b54b-30f975150c92","name":"Neall","email":"ngerling1k@upenn.edu","phone":"876-211-4498","bookmarked":false},{"id":"7f9d2cb2-8ed1-4d77-9db5-5792fdb136e5","name":"Stinky","email":"scolleck1l@apache.org","phone":"758-855-4644","bookmarked":false},{"id":"1d0680eb-4e00-4e63-b093-fb6604221f71","name":"Taylor","email":"tproswell1m@yelp.com","phone":"124-350-9848","bookmarked":true},{"id":"16c94d84-b4e4-4d75-ab7c-61ecfc80a5fd","name":"Perl","email":"pmalser1n@tmall.com","phone":"788-928-1041","bookmarked":true},{"id":"36e79c75-a5ce-4806-bfdd-49f1978a59fd","name":"Zulema","email":"zgyurkovics1o@oaic.gov.au","phone":"720-382-5092","bookmarked":false},{"id":"77cd7836-bf97-4185-a06e-c0f102dc419b","name":"Grover","email":"gnozzolinii1p@ebay.com","phone":"948-517-7132","bookmarked":false},{"id":"df7b8ed4-d768-4f30-952c-24745e4022f4","name":"Raphael","email":"rsutch1q@myspace.com","phone":"366-241-4828","bookmarked":true},{"id":"6dc6cd3f-dec2-41e6-a3f5-7dcaecf8cc55","name":"Jeno","email":"jkinnane1r@illinois.edu","phone":"609-816-5607","bookmarked":true},{"id":"8abaec21-054c-4004-956b-5b738509582f","name":"Josy","email":"jdimitriev1s@rediff.com","phone":"914-146-2346","bookmarked":false},{"id":"77b5b963-04a8-45e0-a80f-6f594c367b23","name":"Pauline","email":"pbaradel1t@state.gov","phone":"986-536-5632","bookmarked":false},{"id":"a0bee7ca-2e02-49f3-a214-418683249305","name":"Scott","email":"ssomerled1u@diigo.com","phone":"160-520-6291","bookmarked":false},{"id":"374a9c97-91cc-4477-8a24-8f9dbfcbcc4e","name":"Cloe","email":"cfleming1v@house.gov","phone":"716-977-1367","bookmarked":true},{"id":"fa731dca-3b23-48eb-ba4e-b77c83e500d3","name":"Even","email":"ewildes1w@reference.com","phone":"489-593-9229","bookmarked":true},{"id":"b79e7a03-51a5-44b8-b309-7f29de481395","name":"Cyril","email":"cmushett1x@bandcamp.com","phone":"153-928-6634","bookmarked":true},{"id":"4efb55f5-20ec-4a5d-af6c-34dc674c35e9","name":"Tabina","email":"tcrippill1y@amazon.com","phone":"954-824-1962","bookmarked":false},{"id":"521566a1-5304-41f3-b108-7042949e18f2","name":"Karoly","email":"kyell1z@cmu.edu","phone":"403-894-0663","bookmarked":false},{"id":"aeba54a9-82c7-44f5-b047-96dd8f235149","name":"Kirk","email":"kzealey20@intel.com","phone":"365-603-7029","bookmarked":false},{"id":"b0c980ed-cf1c-4da7-a45a-eda45ba3f60d","name":"Aharon","email":"akeasey21@tmall.com","phone":"781-459-9255","bookmarked":true},{"id":"99605eb3-3fb1-478e-9060-78e910a0c2ac","name":"Collette","email":"clongthorne22@mashable.com","phone":"781-320-7078","bookmarked":true},{"id":"6c5a7710-f1ea-424e-8291-fa2028b77242","name":"Orsola","email":"orestall23@cmu.edu","phone":"354-639-5441","bookmarked":true},{"id":"283f8b06-b3b7-40ed-8095-471400b76c71","name":"Elissa","email":"ecostelloe24@mtv.com","phone":"119-261-5788","bookmarked":true},{"id":"2a6ba318-969a-4b4c-aa81-067c05a4cf86","name":"Ertha","email":"edoust25@i2i.jp","phone":"570-787-8215","bookmarked":true},{"id":"eb8bc437-5591-4c7c-9899-71f24ee7fc34","name":"Reginauld","email":"rphilp26@surveymonkey.com","phone":"987-321-4642","bookmarked":true},{"id":"b84d197c-d0f8-4af7-97ee-9ab9ac947d58","name":"Junia","email":"jmckeon27@gravatar.com","phone":"380-423-0892","bookmarked":true},{"id":"7a496f80-b755-4408-a246-6764e1901300","name":"Winny","email":"waltree28@nationalgeographic.com","phone":"718-928-8928","bookmarked":true},{"id":"1c9c3ece-ad75-477d-bc13-c4421bb7cd0e","name":"Boy","email":"bcobelli29@elpais.com","phone":"977-275-8809","bookmarked":true},{"id":"1b0b0a15-911a-4cf8-aae7-0d861357fbbf","name":"Peirce","email":"phuzzey2a@google.ru","phone":"918-907-1655","bookmarked":false},{"id":"8cff6613-616c-4e02-80ce-533745e8b507","name":"Pia","email":"prunham2b@sfgate.com","phone":"297-724-4904","bookmarked":false},{"id":"b48b37bd-afa0-4a91-b3a6-71624cea6e35","name":"Turner","email":"tyemm2c@umn.edu","phone":"383-348-8002","bookmarked":false},{"id":"46de4d1c-1048-4794-a826-b5160d50fda0","name":"Lou","email":"lmcloughlin2d@dailymail.co.uk","phone":"782-561-6179","bookmarked":true},{"id":"3a3f9635-d19b-4be4-8eb6-b601cadfccd3","name":"Madelina","email":"mcaughte2e@amazon.de","phone":"939-938-9706","bookmarked":true},{"id":"91ed6095-a23a-4823-99cf-44fbb2702fee","name":"Yolanthe","email":"ylugton2f@ibm.com","phone":"776-873-9709","bookmarked":true},{"id":"bd7d0ffd-26a8-4f16-94ea-9380f0de4b8e","name":"Schuyler","email":"sgarces2g@merriam-webster.com","phone":"637-895-2298","bookmarked":false},{"id":"bc115931-df5d-4fa5-933c-399f56d32dc8","name":"Jannel","email":"jbramstom2h@soundcloud.com","phone":"567-575-7934","bookmarked":true},{"id":"a9c90532-b9bf-4b5b-90ab-497fed8195b9","name":"Kingsly","email":"kkighly2i@sourceforge.net","phone":"786-897-7574","bookmarked":false},{"id":"6f7b7ca8-f77c-41fc-bee0-d87999443a86","name":"Osgood","email":"osteanyng2j@1und1.de","phone":"496-394-4797","bookmarked":true},{"id":"e5a11cc0-031d-4a7a-b9f8-ee839d6f9e55","name":"Minni","email":"mpietzner2k@acquirethisname.com","phone":"799-552-5258","bookmarked":false},{"id":"baf7cf15-5bba-4c33-9a23-acc2a8a8b12b","name":"Sheela","email":"smccandie2l@ihg.com","phone":"959-716-2712","bookmarked":true},{"id":"6a28b62e-4bb1-405a-abf7-b9f70f1dc220","name":"Lanie","email":"lconradie2m@upenn.edu","phone":"783-813-0661","bookmarked":true},{"id":"a6d4e88e-3b62-401c-afe5-71b5f39848ef","name":"Jennifer","email":"jwelford2n@reddit.com","phone":"121-808-2001","bookmarked":false},{"id":"72b0ef4d-6db5-451f-bc19-f466bd463a54","name":"Randi","email":"rmaccartan2o@wp.com","phone":"561-978-2270","bookmarked":true},{"id":"16ed5c1f-aa21-4a34-b735-8d29bdfe8f59","name":"Zenia","email":"zglazebrook2p@networksolutions.com","phone":"627-164-4043","bookmarked":true},{"id":"ff1b7b41-e0f8-4d97-b937-daa21e83b29d","name":"Marcela","email":"mesmead2q@msn.com","phone":"971-218-1495","bookmarked":true},{"id":"85894d6f-076e-4942-9b29-74ee8fc884a2","name":"Sammy","email":"sgethyn2r@bizjournals.com","phone":"410-112-3466","bookmarked":false},{"id":"609a04dd-3284-4916-8601-5cf38a7b3dfd","name":"Adele","email":"ablabie2s@wikipedia.org","phone":"446-527-1854","bookmarked":false},{"id":"51d8e1f8-1e4a-407c-a6e2-04634c290444","name":"Joy","email":"jpenhallurick2t@aol.com","phone":"688-946-3245","bookmarked":true},{"id":"09875ac3-162d-4e4b-bdf8-c16197704e4a","name":"Deeann","email":"dwillbraham2u@bbc.co.uk","phone":"420-731-3789","bookmarked":true},{"id":"d95396be-793d-4d96-8694-0585926122ec","name":"Averyl","email":"adericut2v@un.org","phone":"669-119-9885","bookmarked":true},{"id":"3f3f0796-131d-4ff7-9e41-bb93c53d21b7","name":"Ugo","email":"ugamlyn2w@multiply.com","phone":"777-163-5187","bookmarked":false},{"id":"90678996-ab0f-428f-a424-5cbb5dc75f8f","name":"Gratia","email":"gfeacham2x@quantcast.com","phone":"759-179-6783","bookmarked":false},{"id":"50e17882-22ca-4d71-9672-4cfa43653b95","name":"Nev","email":"nholburn2y@discovery.com","phone":"593-948-3190","bookmarked":false},{"id":"f03f00cd-5361-4aef-ab44-2971faed6576","name":"Mellisent","email":"mtinklin2z@facebook.com","phone":"921-987-0101","bookmarked":true},{"id":"104a14d2-b79d-4bea-8695-36771dbe3fc6","name":"Gisella","email":"gsabater30@people.com.cn","phone":"401-556-5817","bookmarked":true},{"id":"d2e828d7-47f1-4f63-bd5e-6862d38c5a3c","name":"Didi","email":"dtearle31@purevolume.com","phone":"119-487-2837","bookmarked":true},{"id":"ad1b24c1-bd1d-4665-8d00-c9c4e162aa93","name":"Carce","email":"cdagon32@marketwatch.com","phone":"835-989-6773","bookmarked":false},{"id":"1eb04040-c9cf-498d-a0fc-b3413152e5b3","name":"Amelita","email":"aspykins33@miibeian.gov.cn","phone":"934-183-8510","bookmarked":true},{"id":"7099ecea-2290-4420-9299-82e460db7606","name":"Ricki","email":"rlewins34@ocn.ne.jp","phone":"818-205-9831","bookmarked":true},{"id":"a2cd8f20-298d-4526-be5e-064eeb990ca5","name":"Frannie","email":"fmaxted35@yale.edu","phone":"909-398-9626","bookmarked":true},{"id":"647d313a-4578-4d3e-8d09-714ba07da0f4","name":"Rudolf","email":"rcochet36@ameblo.jp","phone":"244-505-3134","bookmarked":true},{"id":"b4a99bd1-3f70-4b17-ac7f-17178b997f92","name":"Madelyn","email":"mtemperley37@mac.com","phone":"899-818-9431","bookmarked":false},{"id":"aed2a78f-8e7b-4e94-880a-1681da4ff359","name":"Emmey","email":"enaper38@skype.com","phone":"759-992-0436","bookmarked":true},{"id":"d67a04b1-bf43-447d-9cf6-e0f1005745a2","name":"Ulrike","email":"upeaker39@yelp.com","phone":"394-367-1975","bookmarked":true},{"id":"42ce609c-601d-4335-a589-2b9c0c6eee5e","name":"Collin","email":"cjennrich3a@twitpic.com","phone":"419-242-2023","bookmarked":false},{"id":"240d8c0c-0c48-48c9-8188-4283b02f119d","name":"Llewellyn","email":"lluby3b@parallels.com","phone":"808-777-2320","bookmarked":false},{"id":"baf4f038-19e4-47d7-92f9-99d1d62dc6c9","name":"Arabelle","email":"aputterill3c@guardian.co.uk","phone":"763-804-9777","bookmarked":true},{"id":"2264ce6d-a9e5-40d9-9fb6-e6a9ad4d3c2a","name":"Orrin","email":"oprobbings3d@usda.gov","phone":"415-685-3504","bookmarked":true},{"id":"02d5cb79-8b27-4fc8-9198-9bc54068fa9a","name":"Cortney","email":"ccleeves3e@webs.com","phone":"969-258-3237","bookmarked":false},{"id":"a546c6fe-5578-4fb0-8f66-43a07962fe9a","name":"Jonie","email":"jeddisford3f@imageshack.us","phone":"509-481-4865","bookmarked":false},{"id":"c0603be8-1230-4ace-9bb2-f3c21020cf86","name":"Pearl","email":"pcometti3g@booking.com","phone":"695-849-8952","bookmarked":true},{"id":"9434cd70-8963-4b8b-a011-ec1209eff3e9","name":"Sybila","email":"sbrech3h@arizona.edu","phone":"202-951-0831","bookmarked":false},{"id":"a8f221d8-892a-4bb6-ada3-cff946f31b58","name":"Glennis","email":"gmyderscough3i@cpanel.net","phone":"776-719-5939","bookmarked":false},{"id":"93b6de2c-28f7-4f22-8c33-dc0d4be83230","name":"Sacha","email":"sphilippson3j@shutterfly.com","phone":"141-983-3811","bookmarked":false},{"id":"47949bba-b88c-4d37-8a1e-7823ea99d41a","name":"Kristo","email":"ktoleman3k@cocolog-nifty.com","phone":"496-278-7445","bookmarked":true},{"id":"0f37adc0-cb9f-4e7e-b6d8-c83828c8c3fa","name":"Flossie","email":"fbaugham3l@google.cn","phone":"297-460-5920","bookmarked":true},{"id":"c1dbecac-8063-44d5-ad05-61a4e1bac480","name":"Alejandrina","email":"anerheny3m@cafepress.com","phone":"237-651-7940","bookmarked":true},{"id":"c62a9264-6589-48a0-9a2b-3d884350080b","name":"Audy","email":"amaron3n@forbes.com","phone":"365-344-4617","bookmarked":false},{"id":"862adfe8-3305-401d-abeb-ca837e3c86e7","name":"Friederike","email":"ftimmis3o@wisc.edu","phone":"794-425-9234","bookmarked":true},{"id":"bdc9ed64-04c8-4b3e-abf7-70b72eba0a56","name":"Pietra","email":"pmcgowran3p@chronoengine.com","phone":"612-979-7952","bookmarked":false},{"id":"82744f7e-29ac-49c8-be6f-401c502ffbc5","name":"Jarid","email":"jmayhow3q@oracle.com","phone":"758-602-6219","bookmarked":false},{"id":"4965eba2-0f63-4b07-97b3-86ff7ec94265","name":"Inigo","email":"ipareman3r@blogger.com","phone":"322-820-1182","bookmarked":true},{"id":"ac9194cc-61dd-4243-b770-f80894c909b0","name":"Berti","email":"bconrart3s@dion.ne.jp","phone":"523-144-7415","bookmarked":true},{"id":"07341d6b-f2c3-4245-baf7-3e451a695d43","name":"Cherlyn","email":"cglave3t@quantcast.com","phone":"530-799-6885","bookmarked":true},{"id":"ac93ca36-a6fa-4160-8aec-35b3582da866","name":"Lorita","email":"lbroodes3u@globo.com","phone":"495-517-4331","bookmarked":false},{"id":"4a98bdb5-ad3e-4892-bf77-3877ff5922ce","name":"Jason","email":"jaslet3v@china.com.cn","phone":"423-683-4900","bookmarked":true},{"id":"b7135906-6327-4ca0-bf14-c193edb40d25","name":"Eldon","email":"ehagerty3w@de.vu","phone":"483-840-2689","bookmarked":false},{"id":"d13c4162-2f34-467c-8017-9e1057e13f5e","name":"Ally","email":"alevens3x@sakura.ne.jp","phone":"830-590-9527","bookmarked":true},{"id":"f6c2c78f-6f8a-4582-9523-b66667de43a8","name":"Kalil","email":"kskipperbottom3y@cbsnews.com","phone":"213-839-5860","bookmarked":false},{"id":"8ee1cc9d-c42c-47d4-9490-c19662153cca","name":"Samuele","email":"smylechreest3z@twitter.com","phone":"275-683-6903","bookmarked":true},{"id":"79a1bf4b-888d-4f1f-92e2-49bda0d421dd","name":"Tresa","email":"thelleckas40@ucoz.ru","phone":"959-996-3616","bookmarked":false},{"id":"86fbfba6-38fa-4687-a55e-3dafc383b50f","name":"Kesley","email":"kshekle41@springer.com","phone":"660-813-6971","bookmarked":false},{"id":"8abc748b-2b61-4323-95d1-15bccaf8125e","name":"Jolyn","email":"jburrell42@army.mil","phone":"380-709-8060","bookmarked":true},{"id":"8401a4a8-2297-41c1-811e-ad4f2db984ba","name":"Timi","email":"tsergeaunt43@infoseek.co.jp","phone":"197-495-5426","bookmarked":false},{"id":"eca3a63b-8821-450e-b592-481f02e570af","name":"Mellicent","email":"mupfold44@independent.co.uk","phone":"119-814-7010","bookmarked":true},{"id":"e9542690-7a6d-4208-b10c-ecfe79dffda0","name":"Marice","email":"msankey45@yelp.com","phone":"361-382-6953","bookmarked":false},{"name":"test","phone":"123-456-7890","email":"test@test.com","bookmarked":false,"id":"b20030e3-5499-41ea-adb3-da3736f6b26c"},{"name":"Buyaka B","phone":"123-456-7890","email":"test@test.com","bookmarked":false,"id":"d576dd6d-0b7a-413c-82ce-718b95213d9b"},{"name":"test123","phone":"123-456-7899","email":"test123@test.com","bookmarked":true,"id":"326d44ba-2b85-4f59-84c9-a3513eb0624e"},{"name":"test3","phone":"123-456-7890","email":"test@edu.mn","bookmarked":false,"id":"a86ac260-f6a1-4c02-932b-c746cd4a3ed1"},{"name":"test56","phone":"123-456-7890","email":"test@test.com","bookmarked":false,"id":"fc208ff2-d34e-438c-be2f-f0ff9d9cc077"},{"name":"test67","phone":"123-456-7890","email":"tes@test.com","bookmarked":false,"id":"a356ac6a-c758-42b3-8e1a-2bb9382c51b7"},{"name":"test89","phone":"123-456-8909","email":"test@tes.com","bookmarked":false,"id":"a1be6fb9-c0b4-492d-a957-b1de7c193c14"},{"name":"test98","phone":"123-456-7890","email":"test@test.com","bookmarked":false,"id":"7802607d-9a03-4fd2-a03f-0f34700fefa4"},{"name":"test100","phone":"123-456-7890","email":"test@test.com","bookmarked":false,"id":"b36e0d95-eda0-4615-bf22-4c178d5ec042"},{"name":"Buyaka","phone":"123-234-5678","email":"admin@test.com","bookmarked":false,"id":"1a40fc8d-f835-4617-9e2a-f04a4ac4addb"},{"name":"test198","phone":"123-456-7890","email":"test@test.com","bookmarked":false,"id":"9bbe61da-2753-430e-9237-53e6810ccdeb"}]